-- MySQL dump 10.13  Distrib 8.0.30, for Win64 (x86_64)
--
-- Host: localhost    Database: managesys
-- ------------------------------------------------------
-- Server version	11.7.2-MariaDB-ubu2404

/*!40101 SET @OLD_CHARACTER_SET_CLIENT=@@CHARACTER_SET_CLIENT */;
/*!40101 SET @OLD_CHARACTER_SET_RESULTS=@@CHARACTER_SET_RESULTS */;
/*!40101 SET @OLD_COLLATION_CONNECTION=@@COLLATION_CONNECTION */;
/*!50503 SET NAMES utf8mb4 */;
/*!40103 SET @OLD_TIME_ZONE=@@TIME_ZONE */;
/*!40103 SET TIME_ZONE='+00:00' */;
/*!40014 SET @OLD_UNIQUE_CHECKS=@@UNIQUE_CHECKS, UNIQUE_CHECKS=0 */;
/*!40014 SET @OLD_FOREIGN_KEY_CHECKS=@@FOREIGN_KEY_CHECKS, FOREIGN_KEY_CHECKS=0 */;
/*!40101 SET @OLD_SQL_MODE=@@SQL_MODE, SQL_MODE='NO_AUTO_VALUE_ON_ZERO' */;
/*!40111 SET @OLD_SQL_NOTES=@@SQL_NOTES, SQL_NOTES=0 */;

--
-- Table structure for table `TB_COMMON_CODE`
--

DROP TABLE IF EXISTS `TB_COMMON_CODE`;
/*!40101 SET @saved_cs_client     = @@character_set_client */;
/*!50503 SET character_set_client = utf8mb4 */;
CREATE TABLE `TB_COMMON_CODE` (
  `GROUP_CODE` varchar(20) NOT NULL COMMENT '그룹 코드 (FK)',
  `CODE_VALUE` varchar(20) NOT NULL COMMENT '코드 값 (예: INDIVIDUAL, SKT)',
  `CODE_NAME` varchar(100) NOT NULL COMMENT '코드 표시명 (예: 개인, SKT)',
  `SORT_ORDER` int(11) DEFAULT 1 COMMENT '정렬 순서',
  `USE_YN` char(1) DEFAULT 'Y' COMMENT '사용 여부 (Y/N)',
  `REMARK` varchar(200) DEFAULT NULL COMMENT '비고',
  `CREATED_AT` datetime DEFAULT current_timestamp() COMMENT '등록 일시',
  `UPDATED_AT` datetime DEFAULT current_timestamp() ON UPDATE current_timestamp() COMMENT '수정 일시',
  PRIMARY KEY (`GROUP_CODE`,`CODE_VALUE`),
  CONSTRAINT `FK_CODE_GROUP` FOREIGN KEY (`GROUP_CODE`) REFERENCES `TB_GROUP_CODE` (`GROUP_CODE`)
) ENGINE=InnoDB DEFAULT CHARSET=utf8mb4 COLLATE=utf8mb4_uca1400_ai_ci COMMENT='공통 상세 코드';
/*!40101 SET character_set_client = @saved_cs_client */;

--
-- Dumping data for table `TB_COMMON_CODE`
--

LOCK TABLES `TB_COMMON_CODE` WRITE;
/*!40000 ALTER TABLE `TB_COMMON_CODE` DISABLE KEYS */;
INSERT INTO `TB_COMMON_CODE` VALUES ('BANK_CODE','1','한국은행',56,'Y',NULL,'2026-02-07 08:58:04','2026-02-07 08:58:04'),('BANK_CODE','10','조흥은행',45,'Y',NULL,'2026-02-07 08:58:04','2026-02-07 08:58:04'),('BANK_CODE','11','제일은행',43,'Y',NULL,'2026-02-07 08:58:04','2026-02-07 08:58:04'),('BANK_CODE','12','서울은행',24,'Y',NULL,'2026-02-07 08:58:04','2026-02-07 08:58:04'),('BANK_CODE','13','신한은행',30,'Y',NULL,'2026-02-07 08:58:04','2026-02-07 08:58:04'),('BANK_CODE','14','광주은행',2,'Y',NULL,'2026-02-07 08:58:04','2026-02-07 08:58:04'),('BANK_CODE','15','새마을금고',23,'Y',NULL,'2026-02-07 08:58:04','2026-02-07 08:58:04'),('BANK_CODE','16','신협',31,'Y',NULL,'2026-02-07 08:58:04','2026-02-07 08:58:04'),('BANK_CODE','17','하나은행',53,'Y',NULL,'2026-02-07 08:58:04','2026-02-07 08:58:04'),('BANK_CODE','18','우체국',38,'Y',NULL,'2026-02-07 08:58:04','2026-02-07 08:58:04'),('BANK_CODE','19','전북은행',42,'Y',NULL,'2026-02-07 08:58:04','2026-02-07 08:58:04'),('BANK_CODE','2','산업은행',20,'Y',NULL,'2026-02-07 08:58:04','2026-02-07 08:58:04'),('BANK_CODE','20','대구은행',7,'Y',NULL,'2026-02-07 08:58:04','2026-02-07 08:58:04'),('BANK_CODE','21','부산은행',18,'Y',NULL,'2026-02-07 08:58:04','2026-02-07 08:58:04'),('BANK_CODE','22','씨티은행',32,'Y',NULL,'2026-02-07 08:58:04','2026-02-07 08:58:04'),('BANK_CODE','23','경남은행',1,'Y',NULL,'2026-02-07 08:58:04','2026-02-07 08:58:04'),('BANK_CODE','24','제주은행',44,'Y',NULL,'2026-02-07 08:58:04','2026-02-07 08:58:04'),('BANK_CODE','25','스위스 저축은행',27,'Y',NULL,'2026-02-07 08:58:04','2026-02-07 08:58:04'),('BANK_CODE','26','축협',47,'Y',NULL,'2026-02-07 08:58:04','2026-02-07 08:58:04'),('BANK_CODE','27','현대증권',59,'Y',NULL,'2026-02-07 08:58:04','2026-02-07 08:58:04'),('BANK_CODE','28','미래에셋증권',14,'Y',NULL,'2026-02-07 08:58:04','2026-02-07 08:58:04'),('BANK_CODE','29','대우증권',9,'Y',NULL,'2026-02-07 08:58:04','2026-02-07 08:58:04'),('BANK_CODE','3','기업은행',5,'Y',NULL,'2026-02-07 08:58:04','2026-02-07 08:58:04'),('BANK_CODE','30','삼성증권',21,'Y',NULL,'2026-02-07 08:58:04','2026-02-07 08:58:04'),('BANK_CODE','31','한국투자증권',57,'Y',NULL,'2026-02-07 08:58:04','2026-02-07 08:58:04'),('BANK_CODE','32','우리투자증권',37,'Y',NULL,'2026-02-07 08:58:04','2026-02-07 08:58:04'),('BANK_CODE','33','하이투자증권',54,'Y',NULL,'2026-02-07 08:58:04','2026-02-07 08:58:04'),('BANK_CODE','34','에이치엠씨증권',34,'Y',NULL,'2026-02-07 08:58:04','2026-02-07 08:58:04'),('BANK_CODE','35','에스케이증권',33,'Y',NULL,'2026-02-07 08:58:04','2026-02-07 08:58:04'),('BANK_CODE','36','한화증권',58,'Y',NULL,'2026-02-07 08:58:04','2026-02-07 08:58:04'),('BANK_CODE','37','하나대투증권',52,'Y',NULL,'2026-02-07 08:58:04','2026-02-07 08:58:04'),('BANK_CODE','38','신한금융투자',29,'Y',NULL,'2026-02-07 08:58:04','2026-02-07 08:58:04'),('BANK_CODE','39','메리츠증권',13,'Y',NULL,'2026-02-07 08:58:04','2026-02-07 08:58:04'),('BANK_CODE','4','외환은행',35,'Y',NULL,'2026-02-07 08:58:04','2026-02-07 08:58:04'),('BANK_CODE','40','유진투자증권',40,'Y',NULL,'2026-02-07 08:58:04','2026-02-07 08:58:04'),('BANK_CODE','41','신영증권',28,'Y',NULL,'2026-02-07 08:58:04','2026-02-07 08:58:04'),('BANK_CODE','42','교보증권',3,'Y',NULL,'2026-02-07 08:58:04','2026-02-07 08:58:04'),('BANK_CODE','43','산림조합',19,'Y',NULL,'2026-02-07 08:58:04','2026-02-07 08:58:04'),('BANK_CODE','44','부국증권',17,'Y',NULL,'2026-02-07 08:58:04','2026-02-07 08:58:04'),('BANK_CODE','45','대신증권',8,'Y',NULL,'2026-02-07 08:58:04','2026-02-07 08:58:04'),('BANK_CODE','46','동부증권',11,'Y',NULL,'2026-02-07 08:58:04','2026-02-07 08:58:04'),('BANK_CODE','47','이트레이드증권',41,'Y',NULL,'2026-02-07 08:58:04','2026-02-07 08:58:04'),('BANK_CODE','48','솔로몬투자증권',25,'Y',NULL,'2026-02-07 08:58:04','2026-02-07 08:58:04'),('BANK_CODE','49','NH투자증권',64,'Y',NULL,'2026-02-07 08:58:04','2026-02-07 08:58:04'),('BANK_CODE','5','국민은행',4,'Y',NULL,'2026-02-07 08:58:04','2026-02-07 08:58:04'),('BANK_CODE','50','LIG투자증권',63,'Y',NULL,'2026-02-07 08:58:04','2026-02-07 08:58:04'),('BANK_CODE','51','키움증권',50,'Y',NULL,'2026-02-07 08:58:04','2026-02-07 08:58:04'),('BANK_CODE','52','HSBC',60,'Y',NULL,'2026-02-07 08:58:04','2026-02-07 08:58:04'),('BANK_CODE','53','JP 모간',61,'Y',NULL,'2026-02-07 08:58:04','2026-02-07 08:58:04'),('BANK_CODE','54','도이치뱅크',10,'Y',NULL,'2026-02-07 08:58:04','2026-02-07 08:58:04'),('BANK_CODE','55','뱅크오브아메리카',16,'Y',NULL,'2026-02-07 08:58:04','2026-02-07 08:58:04'),('BANK_CODE','56','동양종합금융증권',12,'Y',NULL,'2026-02-07 08:58:04','2026-02-07 08:58:04'),('BANK_CODE','57','미쓰비시도쿄UFJ',15,'Y',NULL,'2026-02-07 08:58:04','2026-02-07 08:58:04'),('BANK_CODE','58','카카오뱅크',48,'Y',NULL,'2026-02-07 08:58:04','2026-02-07 08:58:04'),('BANK_CODE','59','K뱅크',62,'Y',NULL,'2026-02-07 08:58:04','2026-02-07 08:58:04'),('BANK_CODE','6','수협중앙회',26,'Y',NULL,'2026-02-07 08:58:04','2026-02-07 08:58:04'),('BANK_CODE','60','토스뱅크',51,'Y',NULL,'2026-02-07 08:58:04','2026-02-07 08:58:04'),('BANK_CODE','61','진주저축은행',46,'Y',NULL,'2026-02-07 08:58:04','2026-02-07 08:58:04'),('BANK_CODE','62','웰컴저축은행',39,'Y',NULL,'2026-02-07 08:58:04','2026-02-07 08:58:04'),('BANK_CODE','63','SB저축은행',65,'Y',NULL,'2026-02-07 08:58:04','2026-02-07 08:58:04'),('BANK_CODE','64','상호저축은행',22,'Y',NULL,'2026-02-07 08:58:04','2026-02-07 08:58:04'),('BANK_CODE','65','카카오페이증권',49,'Y',NULL,'2026-02-07 08:58:04','2026-02-07 08:58:04'),('BANK_CODE','7','한국수출입은행',55,'Y',NULL,'2026-02-07 08:58:04','2026-02-07 08:58:04'),('BANK_CODE','8','농협',6,'Y',NULL,'2026-02-07 08:58:04','2026-02-07 08:58:04'),('BANK_CODE','9','우리은행',36,'Y',NULL,'2026-02-07 08:58:04','2026-02-07 08:58:04'),('BILL_TYPE','EMAIL','Email청구서',5,'Y',NULL,'2026-02-07 08:56:35','2026-02-07 08:56:35'),('BILL_TYPE','M_BILL','m청구서',2,'Y',NULL,'2026-02-07 08:56:35','2026-02-07 08:56:35'),('BILL_TYPE','MOBILE','모바일청구서',1,'Y',NULL,'2026-02-07 08:56:35','2026-02-07 08:56:35'),('BILL_TYPE','POST','우편청구서',3,'Y',NULL,'2026-02-07 08:56:35','2026-02-07 08:56:35'),('BILL_TYPE','TAX','세금계산서발행',4,'Y',NULL,'2026-02-07 08:56:35','2026-02-07 08:56:35'),('COMPANY_CODE','HELLO','헬로',6,'Y',NULL,'2026-02-07 09:00:55','2026-02-07 09:00:55'),('COMPANY_CODE','KT','KT',2,'Y',NULL,'2026-02-07 09:00:55','2026-02-07 09:00:55'),('COMPANY_CODE','KT_SKY','KT_SKY',5,'Y',NULL,'2026-02-07 09:00:55','2026-02-07 09:00:55'),('COMPANY_CODE','LG_SOHO','LG소호',7,'Y',NULL,'2026-02-07 09:00:55','2026-02-07 09:00:55'),('COMPANY_CODE','LGU','LG U+',3,'Y',NULL,'2026-02-07 09:00:55','2026-02-07 09:00:55'),('COMPANY_CODE','RENTAL','렌탈',14,'Y',NULL,'2026-02-07 09:00:55','2026-02-07 09:00:55'),('COMPANY_CODE','SKB','SK브로드밴드',1,'Y',NULL,'2026-02-07 09:00:55','2026-02-07 09:00:55'),('COMPANY_CODE','SKB_POP','SKB_POP',8,'Y',NULL,'2026-02-07 09:00:55','2026-02-07 09:00:55'),('COMPANY_CODE','SKT','SKT',4,'Y',NULL,'2026-02-07 09:00:55','2026-02-07 09:00:55'),('COMPANY_CODE','USIM_HL','USIM_헬로',12,'Y',NULL,'2026-02-07 09:00:55','2026-02-07 09:00:55'),('COMPANY_CODE','USIM_KT','USIM_KT',9,'Y',NULL,'2026-02-07 09:00:55','2026-02-07 09:00:55'),('COMPANY_CODE','USIM_LGU','USIM_LGU',10,'Y',NULL,'2026-02-07 09:00:55','2026-02-07 09:00:55'),('COMPANY_CODE','USIM_MKT','USIM_M_KT',13,'Y',NULL,'2026-02-07 09:00:55','2026-02-07 09:00:55'),('COMPANY_CODE','USIM_SKT','USIM_SKT',11,'Y',NULL,'2026-02-07 09:00:55','2026-02-07 09:00:55'),('CUST_AUTH','DRV_NO','운전면허증 번호',2,'Y',NULL,'2026-02-07 08:56:26','2026-02-07 08:56:26'),('CUST_AUTH','ID_DATE','주민 발급일자',1,'Y',NULL,'2026-02-07 08:56:26','2026-02-07 08:56:26'),('CUST_KIND','INDIVIDUAL','개인고객',1,'Y',NULL,'2026-02-07 09:15:17','2026-02-07 09:15:17'),('CUST_KIND','PARTNER','협력점 고객',2,'Y',NULL,'2026-02-07 09:15:17','2026-02-07 09:15:17'),('CUST_TYPE','BIZP','개인사업자',2,'Y',NULL,'2026-02-07 08:55:51','2026-02-07 08:55:51'),('CUST_TYPE','CORP','법인',3,'Y',NULL,'2026-02-07 08:55:51','2026-02-07 08:55:51'),('CUST_TYPE','FORN','외국인',5,'Y',NULL,'2026-02-07 08:55:51','2026-02-07 08:55:51'),('CUST_TYPE','MINR','미성년자',4,'Y',NULL,'2026-02-07 08:55:51','2026-02-07 08:55:51'),('CUST_TYPE','PERS','개인',1,'Y',NULL,'2026-02-07 08:55:51','2026-02-07 08:55:51'),('DISCOUNT_GB','BASIC','기초수급자',4,'Y',NULL,'2026-02-07 08:56:40','2026-02-07 08:56:40'),('DISCOUNT_GB','DSBL','장애인',2,'Y',NULL,'2026-02-07 08:56:40','2026-02-07 08:56:40'),('DISCOUNT_GB','NATL','국가유공자',3,'Y',NULL,'2026-02-07 08:56:40','2026-02-07 08:56:40'),('DISCOUNT_GB','NEXT','차상위 계층',5,'Y',NULL,'2026-02-07 08:56:40','2026-02-07 08:56:40'),('DISCOUNT_GB','NONE','해당없음',1,'Y',NULL,'2026-02-07 08:56:40','2026-02-07 08:56:40'),('HEAD_GIFT','EMART_M','이마트모바일상품권',3,'Y',NULL,'2026-02-07 09:00:03','2026-02-07 09:00:03'),('HEAD_GIFT','HOMEPLUS_M','홈플러스모바일상품권',5,'Y',NULL,'2026-02-07 09:00:03','2026-02-07 09:00:03'),('HEAD_GIFT','LOTTE','롯데',1,'Y',NULL,'2026-02-07 09:00:03','2026-02-07 09:00:03'),('HEAD_GIFT','NONGHYUP_M','농협모바일상품권',6,'Y',NULL,'2026-02-07 09:00:03','2026-02-07 09:00:03'),('HEAD_GIFT','NONGHYUP_P','농협지류상품권',7,'Y',NULL,'2026-02-07 09:00:03','2026-02-07 09:00:03'),('HEAD_GIFT','SHINSEGAE_M','신세계모바일상품권',4,'Y',NULL,'2026-02-07 09:00:03','2026-02-07 09:00:03'),('HEAD_GIFT','SHINSEGAE_P','신세계지류상품권',8,'Y',NULL,'2026-02-07 09:00:03','2026-02-07 09:00:03'),('HEAD_GIFT','SKY_KT','스카이(KT shop)',9,'Y',NULL,'2026-02-07 09:00:03','2026-02-07 09:00:03'),('HEAD_GIFT','TV','TV',2,'Y',NULL,'2026-02-07 09:00:03','2026-02-07 09:00:03'),('HP_CARRIER','KT','KT',3,'Y',NULL,'2026-02-07 08:56:21','2026-02-07 08:56:21'),('HP_CARRIER','KT_MVNO','KT알뜰폰',5,'Y',NULL,'2026-02-07 08:56:21','2026-02-07 08:56:21'),('HP_CARRIER','LG','LG',2,'Y',NULL,'2026-02-07 08:56:21','2026-02-07 08:56:21'),('HP_CARRIER','LG_MVNO','LG알뜰폰',6,'Y',NULL,'2026-02-07 08:56:21','2026-02-07 08:56:21'),('HP_CARRIER','SK','SK',1,'Y',NULL,'2026-02-07 08:56:21','2026-02-07 08:56:21'),('HP_CARRIER','SK_MVNO','SK알뜰폰',4,'Y',NULL,'2026-02-07 08:56:21','2026-02-07 08:56:21'),('PAY_METHOD','BANK','계좌이체',1,'Y',NULL,'2026-02-07 08:56:45','2026-02-07 08:56:45'),('PAY_METHOD','CARD','카드납부',2,'Y',NULL,'2026-02-07 08:56:45','2026-02-07 08:56:45'),('PAY_METHOD','COMB','합산청구',4,'Y',NULL,'2026-02-07 08:56:45','2026-02-07 08:56:45'),('PAY_METHOD','GIRO','지로납부',3,'Y',NULL,'2026-02-07 08:56:45','2026-02-07 08:56:45'),('PAY_SOURCE','AGNT','유치자 지급',2,'Y',NULL,'2026-02-07 08:58:40','2026-02-07 08:58:40'),('PAY_SOURCE','HEAD','센터(본사) 지급',3,'Y',NULL,'2026-02-07 08:58:40','2026-02-07 08:58:40'),('PAY_SOURCE','NONE','사은품 없음',1,'Y',NULL,'2026-02-07 08:58:40','2026-02-07 08:58:40'),('PROD_COMB_GB','D0','DPS',5,'Y',NULL,'2026-02-07 09:02:45','2026-02-07 09:02:45'),('PROD_COMB_GB','D1','DPS+1',6,'Y',NULL,'2026-02-07 09:02:45','2026-02-07 09:02:45'),('PROD_COMB_GB','D2','DPS+2',7,'Y',NULL,'2026-02-07 09:02:45','2026-02-07 09:02:45'),('PROD_COMB_GB','D3','DPS+3',8,'Y',NULL,'2026-02-07 09:02:45','2026-02-07 09:02:45'),('PROD_COMB_GB','S0','단독',1,'Y',NULL,'2026-02-07 09:02:45','2026-02-07 09:02:45'),('PROD_COMB_GB','S1','단독+1',2,'Y',NULL,'2026-02-07 09:02:45','2026-02-07 09:02:45'),('PROD_COMB_GB','S2','단독+2',3,'Y',NULL,'2026-02-07 09:02:45','2026-02-07 09:02:45'),('PROD_COMB_GB','S3','단독+3',4,'Y',NULL,'2026-02-07 09:02:45','2026-02-07 09:02:45'),('PROD_COMB_GB','T0','TPS',9,'Y',NULL,'2026-02-07 09:02:45','2026-02-07 09:02:45'),('PROD_COMB_GB','T1','TPS+1',10,'Y',NULL,'2026-02-07 09:02:45','2026-02-07 09:02:45'),('PROD_COMB_GB','T2','TPS+2',11,'Y',NULL,'2026-02-07 09:02:45','2026-02-07 09:02:45'),('REGION_CODE','1','전국',1,'Y',NULL,'2026-02-07 09:08:08','2026-02-07 09:08:08'),('REGION_CODE','11','전국(검색)',4,'Y',NULL,'2026-02-07 09:08:08','2026-02-07 09:08:08'),('REGION_CODE','12','동부권',5,'Y',NULL,'2026-02-07 09:08:08','2026-02-07 09:08:08'),('REGION_CODE','14','수도권외(기타)',6,'Y',NULL,'2026-02-07 09:08:08','2026-02-07 09:08:08'),('REGION_CODE','16','모델명, 월요금, 수수료 메모',7,'Y',NULL,'2026-02-07 09:08:08','2026-02-07 09:08:08'),('REGION_CODE','5','수도권',2,'Y',NULL,'2026-02-07 09:08:08','2026-02-07 09:08:08'),('REGION_CODE','6','수도권외',3,'Y',NULL,'2026-02-07 09:08:08','2026-02-07 09:08:08'),('REGION_CODE','ANDONG','안동',504,'Y','경북','2026-02-07 09:09:41','2026-02-07 09:09:41'),('REGION_CODE','ASAN','아산',204,'Y','충남','2026-02-07 09:09:41','2026-02-07 09:09:41'),('REGION_CODE','BORYEONG','보령',203,'Y','충남','2026-02-07 09:09:41','2026-02-07 09:09:41'),('REGION_CODE','BUSAN','부산',25,'Y',NULL,'2026-02-07 09:08:14','2026-02-07 09:08:14'),('REGION_CODE','CHANGWON','창원',601,'Y','경남','2026-02-07 09:09:41','2026-02-07 09:09:41'),('REGION_CODE','CHEONAN','천안',201,'Y','충남','2026-02-07 09:09:41','2026-02-07 09:09:41'),('REGION_CODE','CHEONGJU','청주',101,'Y','충북','2026-02-07 09:09:41','2026-02-07 09:09:41'),('REGION_CODE','CHUNGBUK','충북',14,'Y',NULL,'2026-02-07 09:08:14','2026-02-07 09:08:14'),('REGION_CODE','CHUNGJU','충주',102,'Y','충북','2026-02-07 09:09:41','2026-02-07 09:09:41'),('REGION_CODE','CHUNGNAM','충남',15,'Y',NULL,'2026-02-07 09:08:14','2026-02-07 09:08:14'),('REGION_CODE','DAEGU','대구',23,'Y',NULL,'2026-02-07 09:08:14','2026-02-07 09:08:14'),('REGION_CODE','DAEJEON','대전',16,'Y',NULL,'2026-02-07 09:08:14','2026-02-07 09:08:14'),('REGION_CODE','DANGJIN','당진',208,'Y','충남','2026-02-07 09:09:41','2026-02-07 09:09:41'),('REGION_CODE','GANGWON','강원',13,'Y',NULL,'2026-02-07 09:08:14','2026-02-07 09:08:14'),('REGION_CODE','GEOJE','거제',607,'Y','경남','2026-02-07 09:09:41','2026-02-07 09:09:41'),('REGION_CODE','GIMCHEON','김천',503,'Y','경북','2026-02-07 09:09:41','2026-02-07 09:09:41'),('REGION_CODE','GIMHAE','김해',605,'Y','경남','2026-02-07 09:09:41','2026-02-07 09:09:41'),('REGION_CODE','GIMJE','김제',306,'Y','전북','2026-02-07 09:09:41','2026-02-07 09:09:41'),('REGION_CODE','GONGJU','공주',202,'Y','충남','2026-02-07 09:09:41','2026-02-07 09:09:41'),('REGION_CODE','GUMI','구미',505,'Y','경북','2026-02-07 09:09:41','2026-02-07 09:09:41'),('REGION_CODE','GUNSAN','군산',302,'Y','전북','2026-02-07 09:09:41','2026-02-07 09:09:41'),('REGION_CODE','GWANGJU','광주',20,'Y',NULL,'2026-02-07 09:08:14','2026-02-07 09:08:14'),('REGION_CODE','GWANGYANG','광양',405,'Y','전남','2026-02-07 09:09:41','2026-02-07 09:09:41'),('REGION_CODE','GYEONGBUK','경북',21,'Y',NULL,'2026-02-07 09:08:14','2026-02-07 09:08:14'),('REGION_CODE','GYEONGGI','경기',12,'Y',NULL,'2026-02-07 09:08:14','2026-02-07 09:08:14'),('REGION_CODE','GYEONGJU','경주',502,'Y','경북','2026-02-07 09:09:41','2026-02-07 09:09:41'),('REGION_CODE','GYEONGNAM','경남',22,'Y',NULL,'2026-02-07 09:08:14','2026-02-07 09:08:14'),('REGION_CODE','GYEONGSAN','경산',509,'Y','경북','2026-02-07 09:09:41','2026-02-07 09:09:41'),('REGION_CODE','GYERYONG','계룡',207,'Y','충남','2026-02-07 09:09:41','2026-02-07 09:09:41'),('REGION_CODE','IKSAN','익산',303,'Y','전북','2026-02-07 09:09:41','2026-02-07 09:09:41'),('REGION_CODE','INCHEON','인천',11,'Y',NULL,'2026-02-07 09:08:14','2026-02-07 09:08:14'),('REGION_CODE','JECHEON','제천',103,'Y','충북','2026-02-07 09:09:41','2026-02-07 09:09:41'),('REGION_CODE','JEJU','제주',26,'Y',NULL,'2026-02-07 09:08:14','2026-02-07 09:08:14'),('REGION_CODE','JEONBUK','전북',18,'Y',NULL,'2026-02-07 09:08:14','2026-02-07 09:08:14'),('REGION_CODE','JEONGEUP','정읍',304,'Y','전북','2026-02-07 09:09:41','2026-02-07 09:09:41'),('REGION_CODE','JEONJU','전주',301,'Y','전북','2026-02-07 09:09:41','2026-02-07 09:09:41'),('REGION_CODE','JEONNAM','전남',19,'Y',NULL,'2026-02-07 09:08:14','2026-02-07 09:08:14'),('REGION_CODE','JINJU','진주',602,'Y','경남','2026-02-07 09:09:41','2026-02-07 09:09:41'),('REGION_CODE','MIRYANG','밀양',606,'Y','경남','2026-02-07 09:09:41','2026-02-07 09:09:41'),('REGION_CODE','MOKPO','목포',401,'Y','전남','2026-02-07 09:09:41','2026-02-07 09:09:41'),('REGION_CODE','MUNGYEONG','문경',508,'Y','경북','2026-02-07 09:09:41','2026-02-07 09:09:41'),('REGION_CODE','NAJU','나주',404,'Y','전남','2026-02-07 09:09:41','2026-02-07 09:09:41'),('REGION_CODE','NAMWON','남원',305,'Y','전북','2026-02-07 09:09:41','2026-02-07 09:09:41'),('REGION_CODE','NONSAN','논산',206,'Y','충남','2026-02-07 09:09:41','2026-02-07 09:09:41'),('REGION_CODE','POHANG','포항',501,'Y','경북','2026-02-07 09:09:41','2026-02-07 09:09:41'),('REGION_CODE','SACHEON','사천',604,'Y','경남','2026-02-07 09:09:41','2026-02-07 09:09:41'),('REGION_CODE','SANGJU','상주',507,'Y','경북','2026-02-07 09:09:41','2026-02-07 09:09:41'),('REGION_CODE','SEJONG','세종',17,'Y',NULL,'2026-02-07 09:08:14','2026-02-07 09:08:14'),('REGION_CODE','SEOSAN','서산',205,'Y','충남','2026-02-07 09:09:41','2026-02-07 09:09:41'),('REGION_CODE','SEOUL','서울',10,'Y',NULL,'2026-02-07 09:08:14','2026-02-07 09:08:14'),('REGION_CODE','SUNCHEON','순천',403,'Y','전남','2026-02-07 09:09:41','2026-02-07 09:09:41'),('REGION_CODE','TONGYEONG','통영',603,'Y','경남','2026-02-07 09:09:41','2026-02-07 09:09:41'),('REGION_CODE','ULSAN','울산',24,'Y',NULL,'2026-02-07 09:08:14','2026-02-07 09:08:14'),('REGION_CODE','YANGSAN','양산',608,'Y','경남','2026-02-07 09:09:41','2026-02-07 09:09:41'),('REGION_CODE','YEONGCHEON','영천',510,'Y','경북','2026-02-07 09:09:41','2026-02-07 09:09:41'),('REGION_CODE','YEONGJU','영주',506,'Y','경북','2026-02-07 09:09:41','2026-02-07 09:09:41'),('REGION_CODE','YEOSU','여수',402,'Y','전남','2026-02-07 09:09:41','2026-02-07 09:09:41'),('USER_ROLE','ADMIN','최고관리자',1,'Y',NULL,'2026-02-07 08:55:43','2026-02-07 08:55:43'),('USER_ROLE','MANAGER','팀장',2,'Y',NULL,'2026-02-07 08:55:43','2026-02-07 08:55:43'),('USER_ROLE','MEMBER','팀원',3,'Y',NULL,'2026-02-07 08:55:43','2026-02-07 08:55:43');
/*!40000 ALTER TABLE `TB_COMMON_CODE` ENABLE KEYS */;
UNLOCK TABLES;

--
-- Table structure for table `TB_CUSTOMER`
--

DROP TABLE IF EXISTS `TB_CUSTOMER`;
/*!40101 SET @saved_cs_client     = @@character_set_client */;
/*!50503 SET character_set_client = utf8mb4 */;
CREATE TABLE `TB_CUSTOMER` (
  `CUST_ID` int(11) NOT NULL AUTO_INCREMENT COMMENT '고객 고유번호(PK)',
  `STATUS` varchar(20) DEFAULT '접수' COMMENT '진행상태 (접수, 개통완료, 취소 등)',
  `CUST_NAME` varchar(50) NOT NULL COMMENT '고객명',
  `REP_NAME` varchar(50) DEFAULT NULL COMMENT '대표자명 (사업자/법인인 경우)',
  `CUST_TYPE` varchar(20) DEFAULT NULL COMMENT '고객종류 (개인, 개인사업자, 법인, 미성년자, 외국인)',
  `CUST_KIND` varchar(20) DEFAULT 'INDIVIDUAL' COMMENT '고객구분 (INDIVIDUAL: 개인고객, PARTNER: 협력점고객)',
  `SSN_ENC` varchar(255) DEFAULT NULL COMMENT '주민번호 (암호화)',
  `BIZ_NO` varchar(20) DEFAULT NULL COMMENT '사업자번호',
  `CORP_NO` varchar(20) DEFAULT NULL COMMENT '법인번호',
  `ZIP_CODE` varchar(10) DEFAULT NULL COMMENT '우편번호',
  `ADDR` varchar(255) DEFAULT NULL COMMENT '주소',
  `ADDR_DETAIL` varchar(255) DEFAULT NULL COMMENT '상세주소',
  `TEL_NO` varchar(20) DEFAULT NULL COMMENT '전화번호',
  `HP_NO` varchar(20) DEFAULT NULL COMMENT '핸드폰번호',
  `HP_CARRIER` varchar(20) DEFAULT NULL COMMENT '핸드폰 통신사 (SKT, KT, LGU+ 등)',
  `EMAIL` varchar(100) DEFAULT NULL COMMENT '이메일',
  `CUST_AUTH_TYPE` varchar(50) DEFAULT NULL COMMENT '고객인증 방식',
  `CUST_AUTH_VAL` varchar(100) DEFAULT NULL COMMENT '고객인증 값',
  `COUNSELOR_NAME` varchar(50) DEFAULT NULL COMMENT '상담원명',
  `DEPT_ID` int(11) DEFAULT NULL COMMENT '담당 부서 ID',
  `ASSIGNED_USER_ID` int(11) DEFAULT NULL COMMENT '담당자 ID',
  `REMARK` text DEFAULT NULL COMMENT '비고 (상세 내용)',
  `FILE_GROUP_ID` varchar(36) DEFAULT NULL COMMENT '첨부파일 그룹 ID (UUID)',
  `VOUCHER_RETURN_YN` char(1) DEFAULT 'N' COMMENT '상품권 반환 여부 (Y/N)',
  `USE_YN` char(1) DEFAULT 'Y' COMMENT '사용 여부 (Y/N)',
  `CREATOR_ID` int(11) DEFAULT NULL COMMENT '최초 등록자 ID',
  `CREATED_AT` datetime DEFAULT current_timestamp() COMMENT '등록 일시',
  `UPDATED_AT` datetime DEFAULT current_timestamp() ON UPDATE current_timestamp() COMMENT '수정 일시',
  PRIMARY KEY (`CUST_ID`),
  KEY `FK_CUST_DEPT` (`DEPT_ID`),
  KEY `FK_CUST_USER` (`ASSIGNED_USER_ID`),
  KEY `FK_CUST_FILE_GROUP` (`FILE_GROUP_ID`),
  CONSTRAINT `FK_CUST_DEPT` FOREIGN KEY (`DEPT_ID`) REFERENCES `TB_DEPARTMENT` (`DEPT_ID`),
  CONSTRAINT `FK_CUST_FILE_GROUP` FOREIGN KEY (`FILE_GROUP_ID`) REFERENCES `TB_FILE_GROUP` (`GROUP_ID`),
  CONSTRAINT `FK_CUST_USER` FOREIGN KEY (`ASSIGNED_USER_ID`) REFERENCES `TB_USER` (`USER_ID`)
) ENGINE=InnoDB DEFAULT CHARSET=utf8mb4 COLLATE=utf8mb4_uca1400_ai_ci COMMENT='고객 기본 정보 마스터';
/*!40101 SET character_set_client = @saved_cs_client */;

--
-- Dumping data for table `TB_CUSTOMER`
--

LOCK TABLES `TB_CUSTOMER` WRITE;
/*!40000 ALTER TABLE `TB_CUSTOMER` DISABLE KEYS */;
/*!40000 ALTER TABLE `TB_CUSTOMER` ENABLE KEYS */;
UNLOCK TABLES;

--
-- Table structure for table `TB_CUST_GIFT`
--

DROP TABLE IF EXISTS `TB_CUST_GIFT`;
/*!40101 SET @saved_cs_client     = @@character_set_client */;
/*!50503 SET character_set_client = utf8mb4 */;
CREATE TABLE `TB_CUST_GIFT` (
  `GIFT_ID` int(11) NOT NULL AUTO_INCREMENT COMMENT '사은품 일련번호 (PK)',
  `CUST_ID` int(11) NOT NULL COMMENT '고객 고유번호 (FK)',
  `GIFT_GB` varchar(20) NOT NULL COMMENT '사은품 구분 (GENERAL: 일반, HEAD: 본사)',
  `GIFT_NAME` varchar(100) DEFAULT NULL COMMENT '사은품 명 (또는 본사사은품 명)',
  `GIFT_AMOUNT` int(11) DEFAULT 0 COMMENT '사은품 금액 (또는 본사사은품 금액)',
  `ADD_GIFT_AMOUNT` int(11) DEFAULT 0 COMMENT '추가 사은품 금액',
  `PAY_SCHED_DATE` date DEFAULT NULL COMMENT '지급 예정일',
  `PAY_SOURCE` varchar(50) DEFAULT NULL COMMENT '지급처 (지급처 선택 박스 반영)',
  `BANK_NAME` varchar(50) DEFAULT NULL COMMENT '지급 은행명',
  `ACCOUNT_NO` varchar(255) DEFAULT NULL COMMENT '계좌번호 (암호화)',
  `ACCOUNT_HOLDER` varchar(50) DEFAULT NULL COMMENT '예금주',
  `HOLDER_SSN_ENC` varchar(255) DEFAULT NULL COMMENT '주민번호 (암호화)',
  `IS_SAME_AS_BANK` char(1) DEFAULT 'N' COMMENT '위 은행과 동일 체크 여부 (Y/N)',
  `REMARK` text DEFAULT NULL COMMENT '비고',
  `USE_YN` char(1) DEFAULT 'Y' COMMENT '사용 여부 (Y/N)',
  `CREATED_AT` datetime DEFAULT current_timestamp() COMMENT '등록 일시',
  `UPDATED_AT` datetime DEFAULT current_timestamp() ON UPDATE current_timestamp() COMMENT '수정 일시',
  PRIMARY KEY (`GIFT_ID`),
  KEY `FK_GIFT_CUST` (`CUST_ID`),
  CONSTRAINT `FK_GIFT_CUST` FOREIGN KEY (`CUST_ID`) REFERENCES `TB_CUSTOMER` (`CUST_ID`) ON DELETE CASCADE
) ENGINE=InnoDB DEFAULT CHARSET=utf8mb4 COLLATE=utf8mb4_uca1400_ai_ci COMMENT='고객 사은품 및 본사 사은품 통합 관리 테이블';
/*!40101 SET character_set_client = @saved_cs_client */;

--
-- Dumping data for table `TB_CUST_GIFT`
--

LOCK TABLES `TB_CUST_GIFT` WRITE;
/*!40000 ALTER TABLE `TB_CUST_GIFT` DISABLE KEYS */;
/*!40000 ALTER TABLE `TB_CUST_GIFT` ENABLE KEYS */;
UNLOCK TABLES;

--
-- Table structure for table `TB_CUST_MNP`
--

DROP TABLE IF EXISTS `TB_CUST_MNP`;
/*!40101 SET @saved_cs_client     = @@character_set_client */;
/*!50503 SET character_set_client = utf8mb4 */;
CREATE TABLE `TB_CUST_MNP` (
  `MNP_ID` int(11) NOT NULL AUTO_INCREMENT COMMENT '번호이동 일련번호 (PK)',
  `CUST_ID` int(11) NOT NULL COMMENT '고객 고유번호 (FK)',
  `IS_SAME_AS_CUST` char(1) DEFAULT 'N' COMMENT '위 고객정보와 동일 체크 여부 (Y/N)',
  `MNP_TEL_NO` varchar(20) DEFAULT NULL COMMENT '번호이동 전화번호',
  `OWNER_NAME` varchar(50) DEFAULT NULL COMMENT '명의자 성명',
  `OWNER_SSN_ENC` varchar(255) DEFAULT NULL COMMENT '명의자 주민번호 (암호화)',
  `CONTACT_NO` varchar(20) DEFAULT NULL COMMENT '연락처',
  `ISSUE_DATE` varchar(20) DEFAULT NULL COMMENT '발급 일자 (또는 DATE 타입 가능)',
  `PREV_CARRIER` varchar(50) DEFAULT NULL COMMENT '기존 통신사 선택',
  `MNP_MEMO` varchar(255) DEFAULT NULL COMMENT '번호이동 메모',
  `REMARK` text DEFAULT NULL COMMENT '추가 비고',
  `USE_YN` char(1) DEFAULT 'Y' COMMENT '사용 여부 (Y/N)',
  `CREATED_AT` datetime DEFAULT current_timestamp() COMMENT '등록 일시',
  `UPDATED_AT` datetime DEFAULT current_timestamp() ON UPDATE current_timestamp() COMMENT '수정 일시',
  PRIMARY KEY (`MNP_ID`),
  KEY `FK_MNP_CUST` (`CUST_ID`),
  CONSTRAINT `FK_MNP_CUST` FOREIGN KEY (`CUST_ID`) REFERENCES `TB_CUSTOMER` (`CUST_ID`) ON DELETE CASCADE
) ENGINE=InnoDB DEFAULT CHARSET=utf8mb4 COLLATE=utf8mb4_uca1400_ai_ci COMMENT='고객 번호이동(MNP) 상세 정보';
/*!40101 SET character_set_client = @saved_cs_client */;

--
-- Dumping data for table `TB_CUST_MNP`
--

LOCK TABLES `TB_CUST_MNP` WRITE;
/*!40000 ALTER TABLE `TB_CUST_MNP` DISABLE KEYS */;
/*!40000 ALTER TABLE `TB_CUST_MNP` ENABLE KEYS */;
UNLOCK TABLES;

--
-- Table structure for table `TB_CUST_PAYMENT`
--

DROP TABLE IF EXISTS `TB_CUST_PAYMENT`;
/*!40101 SET @saved_cs_client     = @@character_set_client */;
/*!50503 SET character_set_client = utf8mb4 */;
CREATE TABLE `TB_CUST_PAYMENT` (
  `CUST_ID` int(11) NOT NULL COMMENT '고객 고유번호 (PK/FK)',
  `PAY_METHOD` varchar(20) DEFAULT NULL COMMENT '납부방법 (계좌이체, 카드납부, 지로납부, 합산청구)',
  `DISCOUNT_TYPE` varchar(50) DEFAULT NULL COMMENT '요금 감면 종류 (해당없음 등)',
  `BILL_TYPE` varchar(50) DEFAULT NULL COMMENT '청구서 종류 (선택항목)',
  `BANK_CARD_NAME` varchar(50) DEFAULT NULL COMMENT '지급은행 또는 카드사명',
  `ACCOUNT_CARD_NO` varchar(255) DEFAULT NULL COMMENT '계좌번호 또는 카드번호 (암호화 저장)',
  `ACCOUNT_HOLDER` varchar(50) DEFAULT NULL COMMENT '예금주 성명',
  `RELATION_WITH_CUST` varchar(50) DEFAULT NULL COMMENT '고객과의 관계 (본인, 가족 등)',
  `HOLDER_SSN_ENC` varchar(255) DEFAULT NULL COMMENT '은행 주민번호/실명번호 (암호화 저장)',
  `IS_SAME_AS_CUST` char(1) DEFAULT 'N' COMMENT '고객정보와 동일 체크 여부 (Y/N)',
  `REMARK` text DEFAULT NULL COMMENT '납부 관련 비고',
  `USE_YN` char(1) DEFAULT 'Y' COMMENT '사용여부 (Y/N)',
  `CREATED_AT` datetime DEFAULT current_timestamp() COMMENT '등록 일시',
  `UPDATED_AT` datetime DEFAULT current_timestamp() ON UPDATE current_timestamp() COMMENT '수정 일시',
  PRIMARY KEY (`CUST_ID`),
  CONSTRAINT `FK_PAYMENT_CUST` FOREIGN KEY (`CUST_ID`) REFERENCES `TB_CUSTOMER` (`CUST_ID`) ON DELETE CASCADE
) ENGINE=InnoDB DEFAULT CHARSET=utf8mb4 COLLATE=utf8mb4_uca1400_ai_ci COMMENT='고객 납부 정보 상세 테이블';
/*!40101 SET character_set_client = @saved_cs_client */;

--
-- Dumping data for table `TB_CUST_PAYMENT`
--

LOCK TABLES `TB_CUST_PAYMENT` WRITE;
/*!40000 ALTER TABLE `TB_CUST_PAYMENT` DISABLE KEYS */;
/*!40000 ALTER TABLE `TB_CUST_PAYMENT` ENABLE KEYS */;
UNLOCK TABLES;

--
-- Table structure for table `TB_CUST_PRODUCT`
--

DROP TABLE IF EXISTS `TB_CUST_PRODUCT`;
/*!40101 SET @saved_cs_client     = @@character_set_client */;
/*!50503 SET character_set_client = utf8mb4 */;
CREATE TABLE `TB_CUST_PRODUCT` (
  `PROD_ID` int(11) NOT NULL AUTO_INCREMENT COMMENT '상품정보 일련번호 (PK)',
  `CUST_ID` int(11) NOT NULL COMMENT '고객 고유번호 (FK)',
  `COMP_NAME` varchar(50) DEFAULT NULL COMMENT '회사 선택 (SKT, KT, LG 등)',
  `PROD_GB` varchar(20) DEFAULT NULL COMMENT '구분 (단독, 결합 등)',
  `REGION_NAME` varchar(50) DEFAULT NULL COMMENT '지역 선택',
  `PROD_NAME` varchar(100) DEFAULT NULL COMMENT '상품 선택',
  `PROD_OPT` varchar(100) DEFAULT NULL COMMENT '상품 옵션',
  `CONTRACT_PERIOD` varchar(20) DEFAULT NULL COMMENT '약정 선택',
  `STB_TYPE` varchar(50) DEFAULT NULL COMMENT '셋탑박스 종류',
  `VAS_NAME` varchar(100) DEFAULT NULL COMMENT '부가서비스',
  `LINE_COUNT` int(11) DEFAULT 1 COMMENT '회선 수',
  `REMARK` text DEFAULT NULL COMMENT '상품 관련 비고',
  `USE_YN` char(1) DEFAULT 'Y' COMMENT '사용 여부 (Y/N)',
  `CREATED_AT` datetime DEFAULT current_timestamp() COMMENT '등록 일시',
  `UPDATED_AT` datetime DEFAULT current_timestamp() ON UPDATE current_timestamp() COMMENT '수정 일시',
  PRIMARY KEY (`PROD_ID`),
  KEY `FK_PROD_CUST` (`CUST_ID`),
  CONSTRAINT `FK_PROD_CUST` FOREIGN KEY (`CUST_ID`) REFERENCES `TB_CUSTOMER` (`CUST_ID`) ON DELETE CASCADE
) ENGINE=InnoDB DEFAULT CHARSET=utf8mb4 COLLATE=utf8mb4_uca1400_ai_ci COMMENT='고객 가입 상품 상세 정보';
/*!40101 SET character_set_client = @saved_cs_client */;

--
-- Dumping data for table `TB_CUST_PRODUCT`
--

LOCK TABLES `TB_CUST_PRODUCT` WRITE;
/*!40000 ALTER TABLE `TB_CUST_PRODUCT` DISABLE KEYS */;
/*!40000 ALTER TABLE `TB_CUST_PRODUCT` ENABLE KEYS */;
UNLOCK TABLES;

--
-- Table structure for table `TB_DATA_ROOM`
--

DROP TABLE IF EXISTS `TB_DATA_ROOM`;
/*!40101 SET @saved_cs_client     = @@character_set_client */;
/*!50503 SET character_set_client = utf8mb4 */;
CREATE TABLE `TB_DATA_ROOM` (
  `DATA_ID` int(11) NOT NULL AUTO_INCREMENT COMMENT '자료실 고유번호(PK)',
  `CATEGORY` varchar(50) DEFAULT NULL COMMENT '자료 카테고리',
  `TITLE` varchar(200) NOT NULL COMMENT '제목',
  `CONTENT` longtext DEFAULT NULL COMMENT '상세 설명/내용',
  `VIEW_CNT` int(11) DEFAULT 0 COMMENT '조회수',
  `FILE_GROUP_ID` varchar(36) DEFAULT NULL COMMENT '파일 그룹 ID (UUID)',
  `USE_YN` char(1) DEFAULT 'Y' COMMENT '사용 여부 (Y/N)',
  `CREATOR_ID` int(11) NOT NULL COMMENT '작성자 ID (TB_USER.USER_ID)',
  `CREATED_AT` datetime DEFAULT current_timestamp() COMMENT '작성 일시',
  `UPDATED_AT` datetime DEFAULT current_timestamp() ON UPDATE current_timestamp() COMMENT '수정 일시',
  PRIMARY KEY (`DATA_ID`),
  KEY `FK_DATA_USER` (`CREATOR_ID`),
  KEY `FK_DATA_FILE` (`FILE_GROUP_ID`),
  CONSTRAINT `FK_DATA_FILE` FOREIGN KEY (`FILE_GROUP_ID`) REFERENCES `TB_FILE_GROUP` (`GROUP_ID`),
  CONSTRAINT `FK_DATA_USER` FOREIGN KEY (`CREATOR_ID`) REFERENCES `TB_USER` (`USER_ID`)
) ENGINE=InnoDB DEFAULT CHARSET=utf8mb4 COLLATE=utf8mb4_uca1400_ai_ci COMMENT='자료실(문서/양식 공유) 테이블';
/*!40101 SET character_set_client = @saved_cs_client */;

--
-- Dumping data for table `TB_DATA_ROOM`
--

LOCK TABLES `TB_DATA_ROOM` WRITE;
/*!40000 ALTER TABLE `TB_DATA_ROOM` DISABLE KEYS */;
/*!40000 ALTER TABLE `TB_DATA_ROOM` ENABLE KEYS */;
UNLOCK TABLES;

--
-- Table structure for table `TB_DEPARTMENT`
--

DROP TABLE IF EXISTS `TB_DEPARTMENT`;
/*!40101 SET @saved_cs_client     = @@character_set_client */;
/*!50503 SET character_set_client = utf8mb4 */;
CREATE TABLE `TB_DEPARTMENT` (
  `DEPT_ID` int(11) NOT NULL AUTO_INCREMENT COMMENT '부서 고유번호',
  `DEPT_NAME` varchar(50) NOT NULL COMMENT '부서명(예: 영업1팀)',
  `PARENT_ID` int(11) DEFAULT NULL COMMENT '상위 부서 ID (조직 확장용)',
  `USE_YN` char(1) DEFAULT 'Y' COMMENT '사용 여부 (Y/N)',
  `CREATED_AT` datetime DEFAULT current_timestamp() COMMENT '생성일시',
  `UPDATED_AT` datetime DEFAULT current_timestamp() ON UPDATE current_timestamp() COMMENT '수정일시',
  PRIMARY KEY (`DEPT_ID`),
  KEY `FK_DEPT_PARENT` (`PARENT_ID`),
  CONSTRAINT `FK_DEPT_PARENT` FOREIGN KEY (`PARENT_ID`) REFERENCES `TB_DEPARTMENT` (`DEPT_ID`)
) ENGINE=InnoDB AUTO_INCREMENT=4 DEFAULT CHARSET=utf8mb4 COLLATE=utf8mb4_uca1400_ai_ci COMMENT='부서 정보 테이블';
/*!40101 SET character_set_client = @saved_cs_client */;

--
-- Dumping data for table `TB_DEPARTMENT`
--

LOCK TABLES `TB_DEPARTMENT` WRITE;
/*!40000 ALTER TABLE `TB_DEPARTMENT` DISABLE KEYS */;
INSERT INTO `TB_DEPARTMENT` VALUES (1,'본사',NULL,'Y','2026-02-07 08:08:50','2026-02-07 08:08:50'),(2,'영업1팀',NULL,'Y','2026-02-07 08:08:50','2026-02-07 08:08:50'),(3,'영업2팀',NULL,'Y','2026-02-07 08:08:50','2026-02-07 08:08:50');
/*!40000 ALTER TABLE `TB_DEPARTMENT` ENABLE KEYS */;
UNLOCK TABLES;

--
-- Table structure for table `TB_FILE_DETAIL`
--

DROP TABLE IF EXISTS `TB_FILE_DETAIL`;
/*!40101 SET @saved_cs_client     = @@character_set_client */;
/*!50503 SET character_set_client = utf8mb4 */;
CREATE TABLE `TB_FILE_DETAIL` (
  `FILE_ID` varchar(36) NOT NULL COMMENT '파일 고유 ID (UUID)',
  `GROUP_ID` varchar(36) NOT NULL COMMENT '파일 그룹 ID (FK)',
  `ORG_FILE_NAME` varchar(255) NOT NULL COMMENT '원본 파일명',
  `SAVE_FILE_NAME` varchar(255) NOT NULL COMMENT '서버 저장 파일명 (UUID 기반)',
  `FILE_EXT` varchar(10) NOT NULL COMMENT '파일 확장자',
  `FILE_PATH` varchar(500) NOT NULL COMMENT '저장 경로 (예: /upload/2024/02/)',
  `FILE_SIZE` bigint(20) DEFAULT NULL COMMENT '파일 크기 (Byte)',
  `DOWNLOAD_CNT` int(11) DEFAULT 0 COMMENT '다운로드 횟수',
  `CREATED_AT` datetime DEFAULT current_timestamp() COMMENT '등록 일시',
  `USE_YN` char(1) DEFAULT 'Y' COMMENT '사용 여부 (Y/N)',
  PRIMARY KEY (`FILE_ID`),
  KEY `FK_DETAIL_GROUP` (`GROUP_ID`),
  CONSTRAINT `FK_DETAIL_GROUP` FOREIGN KEY (`GROUP_ID`) REFERENCES `TB_FILE_GROUP` (`GROUP_ID`) ON DELETE CASCADE
) ENGINE=InnoDB DEFAULT CHARSET=utf8mb4 COLLATE=utf8mb4_uca1400_ai_ci COMMENT='첨부파일 상세 정보';
/*!40101 SET character_set_client = @saved_cs_client */;

--
-- Dumping data for table `TB_FILE_DETAIL`
--

LOCK TABLES `TB_FILE_DETAIL` WRITE;
/*!40000 ALTER TABLE `TB_FILE_DETAIL` DISABLE KEYS */;
/*!40000 ALTER TABLE `TB_FILE_DETAIL` ENABLE KEYS */;
UNLOCK TABLES;

--
-- Table structure for table `TB_FILE_GROUP`
--

DROP TABLE IF EXISTS `TB_FILE_GROUP`;
/*!40101 SET @saved_cs_client     = @@character_set_client */;
/*!50503 SET character_set_client = utf8mb4 */;
CREATE TABLE `TB_FILE_GROUP` (
  `GROUP_ID` varchar(36) NOT NULL COMMENT '파일 그룹 ID (UUID)',
  `REF_TYPE` varchar(20) NOT NULL COMMENT '참조 구분 (CUST: 고객, NOTICE: 공지, DATA: 자료실)',
  `REF_ID` int(11) NOT NULL COMMENT '참조 대상의 PK (CUST_ID 또는 NOTICE_ID 등)',
  `CREATED_AT` datetime DEFAULT current_timestamp() COMMENT '생성 일시',
  `USE_YN` char(1) DEFAULT 'Y' COMMENT '사용 여부 (Y/N)',
  PRIMARY KEY (`GROUP_ID`)
) ENGINE=InnoDB DEFAULT CHARSET=utf8mb4 COLLATE=utf8mb4_uca1400_ai_ci COMMENT='첨부파일 마스터/그룹';
/*!40101 SET character_set_client = @saved_cs_client */;

--
-- Dumping data for table `TB_FILE_GROUP`
--

LOCK TABLES `TB_FILE_GROUP` WRITE;
/*!40000 ALTER TABLE `TB_FILE_GROUP` DISABLE KEYS */;
/*!40000 ALTER TABLE `TB_FILE_GROUP` ENABLE KEYS */;
UNLOCK TABLES;

--
-- Table structure for table `TB_GROUP_CODE`
--

DROP TABLE IF EXISTS `TB_GROUP_CODE`;
/*!40101 SET @saved_cs_client     = @@character_set_client */;
/*!50503 SET character_set_client = utf8mb4 */;
CREATE TABLE `TB_GROUP_CODE` (
  `GROUP_CODE` varchar(20) NOT NULL COMMENT '그룹 코드 (예: CUST_GB)',
  `GROUP_NAME` varchar(100) NOT NULL COMMENT '그룹 코드명 (예: 고객종류)',
  `USE_YN` char(1) DEFAULT 'Y' COMMENT '사용 여부 (Y/N)',
  `REMARK` varchar(200) DEFAULT NULL COMMENT '비고',
  `CREATED_AT` datetime DEFAULT current_timestamp() COMMENT '등록 일시',
  `UPDATED_AT` datetime DEFAULT current_timestamp() ON UPDATE current_timestamp() COMMENT '수정 일시',
  PRIMARY KEY (`GROUP_CODE`)
) ENGINE=InnoDB DEFAULT CHARSET=utf8mb4 COLLATE=utf8mb4_uca1400_ai_ci COMMENT='공통 그룹 코드 마스터';
/*!40101 SET character_set_client = @saved_cs_client */;

--
-- Dumping data for table `TB_GROUP_CODE`
--

LOCK TABLES `TB_GROUP_CODE` WRITE;
/*!40000 ALTER TABLE `TB_GROUP_CODE` DISABLE KEYS */;
INSERT INTO `TB_GROUP_CODE` VALUES ('BANK_CODE','지급은행','Y','은행 및 증권사 공통 코드','2026-02-07 08:58:00','2026-02-07 08:58:00'),('BILL_TYPE','청구서 종류','Y','모바일, 우편, 이메일 등','2026-02-07 08:55:32','2026-02-07 08:55:32'),('COMPANY_CODE','회사선택','Y','상품 가입 시 선택하는 통신사 및 서비스 제공사','2026-02-07 09:00:50','2026-02-07 09:00:50'),('CUST_AUTH','고객 인증','Y','주민발급일자, 면허번호 등','2026-02-07 08:55:32','2026-02-07 08:55:32'),('CUST_KIND','고객구분','Y','개인고객 및 협력점 고객 구분','2026-02-07 09:15:07','2026-02-07 09:15:07'),('CUST_STATUS','진행 상태','Y','접수, 개통완료, 취소 등','2026-02-07 08:55:32','2026-02-07 08:55:32'),('CUST_TYPE','고객 종류','Y','개인, 개인사업자, 법인 등','2026-02-07 08:55:32','2026-02-07 08:55:32'),('DISCOUNT_GB','요금 감면','Y','장애인, 국가유공자 등','2026-02-07 08:55:32','2026-02-07 08:55:32'),('HEAD_GIFT','본사사은품','Y','본사에서 제공하는 사은품 종류','2026-02-07 09:00:00','2026-02-07 09:00:00'),('HP_CARRIER','핸드폰 통신사','Y','SK, LG, KT 등','2026-02-07 08:55:32','2026-02-07 08:55:32'),('PAY_METHOD','납부 방법','Y','계좌이체, 카드 등','2026-02-07 08:55:32','2026-02-07 08:55:32'),('PAY_SOURCE','지급처','Y','사은품 및 본사 사은품 지급처 구분','2026-02-07 08:58:36','2026-02-07 08:58:36'),('PROD_COMB_GB','상품결합구분','Y','단독, DPS, TPS 및 추가 회선 구성','2026-02-07 09:02:42','2026-02-07 09:02:42'),('REGION_CODE','지역선택','Y','광역 시/도 단위 및 특수 권역 분류','2026-02-07 09:08:03','2026-02-07 09:08:03'),('USER_ROLE','사용자 권한','Y','최고관리자, 팀장, 팀원','2026-02-07 08:55:32','2026-02-07 08:55:32');
/*!40000 ALTER TABLE `TB_GROUP_CODE` ENABLE KEYS */;
UNLOCK TABLES;

--
-- Table structure for table `TB_NOTICE`
--

DROP TABLE IF EXISTS `TB_NOTICE`;
/*!40101 SET @saved_cs_client     = @@character_set_client */;
/*!50503 SET character_set_client = utf8mb4 */;
CREATE TABLE `TB_NOTICE` (
  `NOTICE_ID` int(11) NOT NULL AUTO_INCREMENT COMMENT '공지사항 고유번호(PK)',
  `TITLE` varchar(200) NOT NULL COMMENT '제목',
  `CONTENT` longtext NOT NULL COMMENT '내용',
  `VIEW_CNT` int(11) DEFAULT 0 COMMENT '조회수',
  `IS_FIXED` char(1) DEFAULT 'N' COMMENT '상단 고정 여부 (Y/N)',
  `TARGET_DEPT_ID` int(11) DEFAULT NULL COMMENT '공지 대상 부서 (NULL이면 전체공지)',
  `FILE_GROUP_ID` varchar(36) DEFAULT NULL COMMENT '파일 그룹 ID (UUID)',
  `USE_YN` char(1) DEFAULT 'Y' COMMENT '사용 여부 (삭제 처리용)',
  `CREATOR_ID` int(11) NOT NULL COMMENT '작성자 ID (TB_USER.USER_ID)',
  `CREATED_AT` datetime DEFAULT current_timestamp() COMMENT '작성 일시',
  `UPDATED_AT` datetime DEFAULT current_timestamp() ON UPDATE current_timestamp() COMMENT '수정 일시',
  PRIMARY KEY (`NOTICE_ID`),
  KEY `FK_NOTICE_USER` (`CREATOR_ID`),
  KEY `FK_NOTICE_DEPT` (`TARGET_DEPT_ID`),
  KEY `FK_NOTICE_FILE` (`FILE_GROUP_ID`),
  CONSTRAINT `FK_NOTICE_DEPT` FOREIGN KEY (`TARGET_DEPT_ID`) REFERENCES `TB_DEPARTMENT` (`DEPT_ID`),
  CONSTRAINT `FK_NOTICE_FILE` FOREIGN KEY (`FILE_GROUP_ID`) REFERENCES `TB_FILE_GROUP` (`GROUP_ID`),
  CONSTRAINT `FK_NOTICE_USER` FOREIGN KEY (`CREATOR_ID`) REFERENCES `TB_USER` (`USER_ID`)
) ENGINE=InnoDB DEFAULT CHARSET=utf8mb4 COLLATE=utf8mb4_uca1400_ai_ci COMMENT='시스템 공지사항 테이블';
/*!40101 SET character_set_client = @saved_cs_client */;

--
-- Dumping data for table `TB_NOTICE`
--

LOCK TABLES `TB_NOTICE` WRITE;
/*!40000 ALTER TABLE `TB_NOTICE` DISABLE KEYS */;
/*!40000 ALTER TABLE `TB_NOTICE` ENABLE KEYS */;
UNLOCK TABLES;

--
-- Table structure for table `TB_USER`
--

DROP TABLE IF EXISTS `TB_USER`;
/*!40101 SET @saved_cs_client     = @@character_set_client */;
/*!50503 SET character_set_client = utf8mb4 */;
CREATE TABLE `TB_USER` (
  `USER_ID` int(11) NOT NULL AUTO_INCREMENT COMMENT '사용자 고유번호',
  `LOGIN_ID` varchar(50) NOT NULL COMMENT '로그인 ID',
  `PASSWORD` varchar(255) NOT NULL COMMENT '비밀번호(암호화)',
  `USER_NAME` varchar(30) NOT NULL COMMENT '사용자명',
  `DEPT_ID` int(11) DEFAULT NULL COMMENT '소속 부서 ID',
  `USER_ROLE` enum('ADMIN','MANAGER','MEMBER') DEFAULT 'MEMBER' COMMENT '권한(관리자, 매니저, 팀원)',
  `IS_LEADER` tinyint(1) DEFAULT 0 COMMENT '팀장 여부 (1: 팀장, 0: 팀원)',
  `USE_YN` char(1) DEFAULT 'Y' COMMENT '계정 활성 여부',
  `CREATED_AT` datetime DEFAULT current_timestamp() COMMENT '등록일시',
  PRIMARY KEY (`USER_ID`),
  UNIQUE KEY `LOGIN_ID` (`LOGIN_ID`),
  KEY `FK_USER_DEPT` (`DEPT_ID`),
  CONSTRAINT `FK_USER_DEPT` FOREIGN KEY (`DEPT_ID`) REFERENCES `TB_DEPARTMENT` (`DEPT_ID`)
) ENGINE=InnoDB DEFAULT CHARSET=utf8mb4 COLLATE=utf8mb4_uca1400_ai_ci COMMENT='사용자 정보 테이블';
/*!40101 SET character_set_client = @saved_cs_client */;

--
-- Dumping data for table `TB_USER`
--

LOCK TABLES `TB_USER` WRITE;
/*!40000 ALTER TABLE `TB_USER` DISABLE KEYS */;
/*!40000 ALTER TABLE `TB_USER` ENABLE KEYS */;
UNLOCK TABLES;

--
-- Dumping routines for database 'managesys'
--
/*!40103 SET TIME_ZONE=@OLD_TIME_ZONE */;

/*!40101 SET SQL_MODE=@OLD_SQL_MODE */;
/*!40014 SET FOREIGN_KEY_CHECKS=@OLD_FOREIGN_KEY_CHECKS */;
/*!40014 SET UNIQUE_CHECKS=@OLD_UNIQUE_CHECKS */;
/*!40101 SET CHARACTER_SET_CLIENT=@OLD_CHARACTER_SET_CLIENT */;
/*!40101 SET CHARACTER_SET_RESULTS=@OLD_CHARACTER_SET_RESULTS */;
/*!40101 SET COLLATION_CONNECTION=@OLD_COLLATION_CONNECTION */;
/*!40111 SET SQL_NOTES=@OLD_SQL_NOTES */;

-- Dump completed on 2026-02-07 18:20:09
